Detailed Resource Usage
Module Name,Fabric 4LUT,Fabric DFF,Interface 4LUT,Interface DFF,Single-Ended I/O,uSRAM 1K,PLLs and CCCs,Chip Globals,MSS,10/100/1000 Ethernet,RCOSC_50MHZ
CORESPI_C0_0/CORESPI_C0_0/USPI/Primitives,9,0,0,0,0,0,0,0,0,0,0
CORESPI_C0_0/CORESPI_C0_0/USPI/UCC/Primitives,162,129,0,0,0,0,0,0,0,0,0
CORESPI_C0_0/CORESPI_C0_0/USPI/UCC/UCLKMUX1/Primitives,1,0,0,0,0,0,0,0,0,0,0
CORESPI_C0_0/CORESPI_C0_0/USPI/UCON/Primitives,6,0,0,0,0,0,0,0,0,0,0
CORESPI_C0_0/CORESPI_C0_0/USPI/URF/Primitives,80,43,0,0,0,0,0,0,0,0,0
CORESPI_C0_0/CORESPI_C0_0/USPI/URXF/Primitives,46,14,36,36,0,1,0,0,0,0,0
CORESPI_C0_0/CORESPI_C0_0/USPI/UTXF/Primitives,43,14,36,36,0,1,0,0,0,0,0
CORESPI_C1_0/CORESPI_C1_0/USPI/Primitives,4,0,0,0,0,0,0,0,0,0,0
CORESPI_C1_0/CORESPI_C1_0/USPI/UCC/Primitives,157,129,0,0,0,0,0,0,0,0,0
CORESPI_C1_0/CORESPI_C1_0/USPI/UCC/UCLKMUX1/Primitives,1,0,0,0,0,0,0,0,0,0,0
CORESPI_C1_0/CORESPI_C1_0/USPI/UCON/Primitives,5,0,0,0,0,0,0,0,0,0,0
CORESPI_C1_0/CORESPI_C1_0/USPI/URF/Primitives,80,43,0,0,0,0,0,0,0,0,0
CORESPI_C1_0/CORESPI_C1_0/USPI/URXF/Primitives,46,14,36,36,0,1,0,0,0,0,0
CORESPI_C1_0/CORESPI_C1_0/USPI/UTXF/Primitives,43,14,36,36,0,1,0,0,0,0,0
CORESPI_C1_1/CORESPI_C1_0/USPI/Primitives,1,0,0,0,0,0,0,0,0,0,0
CORESPI_C1_1/CORESPI_C1_0/USPI/UCC/Primitives,157,129,0,0,0,0,0,0,0,0,0
CORESPI_C1_1/CORESPI_C1_0/USPI/UCC/UCLKMUX1/Primitives,1,0,0,0,0,0,0,0,0,0,0
CORESPI_C1_1/CORESPI_C1_0/USPI/UCON/Primitives,3,0,0,0,0,0,0,0,0,0,0
CORESPI_C1_1/CORESPI_C1_0/USPI/URF/Primitives,83,43,0,0,0,0,0,0,0,0,0
CORESPI_C1_1/CORESPI_C1_0/USPI/URXF/Primitives,46,14,36,36,0,1,0,0,0,0,0
CORESPI_C1_1/CORESPI_C1_0/USPI/UTXF/Primitives,43,14,36,36,0,1,0,0,0,0,0
CORESPI_C1_2/CORESPI_C1_0/USPI/Primitives,1,0,0,0,0,0,0,0,0,0,0
CORESPI_C1_2/CORESPI_C1_0/USPI/UCC/Primitives,157,129,0,0,0,0,0,0,0,0,0
CORESPI_C1_2/CORESPI_C1_0/USPI/UCC/UCLKMUX1/Primitives,1,0,0,0,0,0,0,0,0,0,0
CORESPI_C1_2/CORESPI_C1_0/USPI/UCON/Primitives,3,0,0,0,0,0,0,0,0,0,0
CORESPI_C1_2/CORESPI_C1_0/USPI/URF/Primitives,84,43,0,0,0,0,0,0,0,0,0
CORESPI_C1_2/CORESPI_C1_0/USPI/URXF/Primitives,46,14,36,36,0,1,0,0,0,0,0
CORESPI_C1_2/CORESPI_C1_0/USPI/UTXF/Primitives,43,14,36,36,0,1,0,0,0,0,0
CORESPI_C1_3/CORESPI_C1_0/USPI/Primitives,1,0,0,0,0,0,0,0,0,0,0
CORESPI_C1_3/CORESPI_C1_0/USPI/UCC/Primitives,157,129,0,0,0,0,0,0,0,0,0
CORESPI_C1_3/CORESPI_C1_0/USPI/UCC/UCLKMUX1/Primitives,1,0,0,0,0,0,0,0,0,0,0
CORESPI_C1_3/CORESPI_C1_0/USPI/UCON/Primitives,4,0,0,0,0,0,0,0,0,0,0
CORESPI_C1_3/CORESPI_C1_0/USPI/URF/Primitives,81,43,0,0,0,0,0,0,0,0,0
CORESPI_C1_3/CORESPI_C1_0/USPI/URXF/Primitives,46,14,36,36,0,1,0,0,0,0,0
CORESPI_C1_3/CORESPI_C1_0/USPI/UTXF/Primitives,43,14,36,36,0,1,0,0,0,0,0
CORESPI_C1_4/CORESPI_C1_0/USPI/Primitives,1,0,0,0,0,0,0,0,0,0,0
CORESPI_C1_4/CORESPI_C1_0/USPI/UCC/Primitives,157,129,0,0,0,0,0,0,0,0,0
CORESPI_C1_4/CORESPI_C1_0/USPI/UCC/UCLKMUX1/Primitives,1,0,0,0,0,0,0,0,0,0,0
CORESPI_C1_4/CORESPI_C1_0/USPI/UCON/Primitives,3,0,0,0,0,0,0,0,0,0,0
CORESPI_C1_4/CORESPI_C1_0/USPI/URF/Primitives,88,43,0,0,0,0,0,0,0,0,0
CORESPI_C1_4/CORESPI_C1_0/USPI/URXF/Primitives,46,14,36,36,0,1,0,0,0,0,0
CORESPI_C1_4/CORESPI_C1_0/USPI/UTXF/Primitives,43,14,36,36,0,1,0,0,0,0,0
CORESPI_C1_5/CORESPI_C1_0/USPI/Primitives,1,0,0,0,0,0,0,0,0,0,0
CORESPI_C1_5/CORESPI_C1_0/USPI/UCC/Primitives,157,129,0,0,0,0,0,0,0,0,0
CORESPI_C1_5/CORESPI_C1_0/USPI/UCC/UCLKMUX1/Primitives,1,0,0,0,0,0,0,0,0,0,0
CORESPI_C1_5/CORESPI_C1_0/USPI/UCON/Primitives,3,0,0,0,0,0,0,0,0,0,0
CORESPI_C1_5/CORESPI_C1_0/USPI/URF/Primitives,80,43,0,0,0,0,0,0,0,0,0
CORESPI_C1_5/CORESPI_C1_0/USPI/URXF/Primitives,46,14,36,36,0,1,0,0,0,0,0
CORESPI_C1_5/CORESPI_C1_0/USPI/UTXF/Primitives,43,14,36,36,0,1,0,0,0,0,0
CoreAPB3_C0_0/CoreAPB3_C0_0/Primitives,3,0,0,0,0,0,0,0,0,0,0
CoreAPB3_C0_0/CoreAPB3_C0_0/u_mux_p_to_b3/Primitives,119,0,0,0,0,0,0,0,0,0,0
CoreResetP_C0_0/CoreResetP_C0_0/Primitives,2,9,0,0,0,0,0,1,0,0,0
FCCC_C0_0/FCCC_C0_0/Primitives,0,0,0,0,0,0,1,1,0,0,0
MSS_C0_MSS_0/Primitives,0,0,0,0,0,0,0,0,1,0,0
OSC_C0_0/OSC_C0_0/Primitives,0,0,0,0,0,0,0,0,0,0,1
Primitives/Primitives,7,0,0,0,48,0,0,0,0,0,0
