SERNO,END_INSTANCE,END_CLOCK,START_CLOCK,START_INSTANCE,CDC_TYPE,SYNCHRONIZER,NUMBER_OF_SYNCHRONIZER_FFs,SAFE_CDC,DESCRIPTION
1,CoreResetP_C0_0.CoreResetP_C0_0.count_ddr_enable_q1,OSC_C0_OSC_C0_0_OSC|RCOSC_25_50MHZ_CCC_inferred_clock,FCCC_C0_FCCC_C0_0_FCCC|GL0_net_inferred_clock,CoreResetP_C0_0.CoreResetP_C0_0.count_ddr_enable,Different Clock Domains,YES,2,YES,Safe CDC path detected.
2,CoreResetP_C0_0.CoreResetP_C0_0.ddr_settled_q1,FCCC_C0_FCCC_C0_0_FCCC|GL0_net_inferred_clock,OSC_C0_OSC_C0_0_OSC|RCOSC_25_50MHZ_CCC_inferred_clock,CoreResetP_C0_0.CoreResetP_C0_0.ddr_settled,Different Clock Domains,YES,2,YES,Safe CDC path detected.
3,CoreResetP_C0_0.CoreResetP_C0_0.release_sdif0_core_q1,FCCC_C0_FCCC_C0_0_FCCC|GL0_net_inferred_clock,OSC_C0_OSC_C0_0_OSC|RCOSC_25_50MHZ_CCC_inferred_clock,CoreResetP_C0_0.CoreResetP_C0_0.release_sdif0_core,Different Clock Domains,YES,2,YES,Safe CDC path detected.
4,CoreResetP_C0_0.CoreResetP_C0_0.release_sdif1_core_q1,FCCC_C0_FCCC_C0_0_FCCC|GL0_net_inferred_clock,OSC_C0_OSC_C0_0_OSC|RCOSC_25_50MHZ_CCC_inferred_clock,CoreResetP_C0_0.CoreResetP_C0_0.release_sdif1_core,Different Clock Domains,YES,2,YES,Safe CDC path detected.
5,CoreResetP_C0_0.CoreResetP_C0_0.release_sdif2_core_q1,FCCC_C0_FCCC_C0_0_FCCC|GL0_net_inferred_clock,OSC_C0_OSC_C0_0_OSC|RCOSC_25_50MHZ_CCC_inferred_clock,CoreResetP_C0_0.CoreResetP_C0_0.release_sdif2_core,Different Clock Domains,YES,2,YES,Safe CDC path detected.
6,CoreResetP_C0_0.CoreResetP_C0_0.release_sdif3_core_q1,FCCC_C0_FCCC_C0_0_FCCC|GL0_net_inferred_clock,OSC_C0_OSC_C0_0_OSC|RCOSC_25_50MHZ_CCC_inferred_clock,CoreResetP_C0_0.CoreResetP_C0_0.release_sdif3_core,Different Clock Domains,YES,2,YES,Safe CDC path detected.