<?xml version="1.0" encoding="ISO-8859-1" ?>
<?xml-stylesheet type="text/xsl" href="drcss.xsl"?>
<drcreport>
  <header>MSS_C0</header>
  <drc>
    <status>C:\Microsemi\Libero_SoC_v12.6\Designer/data/drcreport\error.png</status>
    <StatusMessage>Error</StatusMessage>
    <message>Undriven Pin</message>
    <detail>Unconnected top level output port MSS_C0:GPIO_6_M2F</detail>
    <crossprobe>liberoaction://cross_probe/smartdesign/MSS_C0/pins/MSS_C0:GPIO_6_M2F</crossprobe>
  </drc>
  <drc>
    <status>C:\Microsemi\Libero_SoC_v12.6\Designer/data/drcreport\error.png</status>
    <StatusMessage>Error</StatusMessage>
    <message>Undriven Pin</message>
    <detail>Unconnected top level output port MSS_C0:GPIO_7_M2F</detail>
    <crossprobe>liberoaction://cross_probe/smartdesign/MSS_C0/pins/MSS_C0:GPIO_7_M2F</crossprobe>
  </drc>
</drcreport>
